id,name,size,email,phone,website,address,city,rating,reviews,source,last_updated
ChIJs8OlHxr_sUARQK2ATCKsI3g,Nafi Motors,large,info@nafimotors.ro,021 9829,https://www.nafimotors.ro/,"Bulevardul Mărășești 131, 040253 București, România",040253 București,4.8,1091,google_places,2026-02-11T10:48:24Z
ChIJm1cXC6T5sUAR8rto2Zdr0ag,PITCAR Automotive Holdings,large,office@pitcar.ro,021 230 7868,https://pitcar.ro/,"Str. Barbu Văcărescu, 74-76, 020272 București, România",020272 București,4.8,2140,google_places,2026-02-11T10:48:26Z
ChIJs6OdfDb5sUAR7cE8Uz6NzJQ,Bosch Car Service - Revizie Auto Online,large,service@revizieopel.ro,0726 081 693,https://www.revizieautoservice.ro/contact-service/?utm_source=google&utm_medium=organic&utm_campaign=google_my_business,"Șos. Morarilor 2, 022452 București, România",022452 București,4.6,1234,google_places,2026-02-11T10:48:28Z
ChIJ6RKa12EBskARZ5HBiQ9QroY,KisService - Service auto sector 6,large,contact@kisservice.ro,0771 541 599,https://kisservice.ro/,"Strada Ion Manolescu 3, 077042 București, România",077042 București,4.8,233,google_places,2026-02-11T10:48:29Z
ChIJxcKyyUr_sUARQmYE-_Tt8Sg,Service auto Bucuresti,medium,,0722 205 510,,"Strada Gheorghe D. Palade nr. 20, 020593 București, România",020593 București,4.4,130,google_places,2026-02-11T10:48:29Z
ChIJj1WwPRr-sUARO1dCnXbRE0M,Capital Service Auto,large,,0724 827 122,https://www.capitalserviceauto.ro/,"9493+39, Strada Pogoanele 159, 041117 București, România",041117 București,4.4,843,google_places,2026-02-11T10:48:30Z
ChIJ5ffSm3ABskARPPljkav43Vc,Automotive Car Service Auto Sector 6,large,,0727 785 201,,"Splaiul Independenței 313, 060042 București, România",060042 București,4.8,387,google_places,2026-02-11T10:48:30Z
ChIJJ29i1Wj8sUARZEDn7IJYzn0,Service Auto București - DEXCAR - Vopsitorie Auto,large,contact@servicedexcar.ro,0731 348 341,https://servicedexcar.ro/?utm_source=google&utm_medium=organic&utm_campaign=gmb-listing,"Strada Balta Albina 8, 032622 București, România",032622 București,4.5,479,google_places,2026-02-11T10:48:32Z
ChIJB4yaw-D_sUARYi7IvWynAC0,AUTO-FAST - VULCANIZARE AUTO / GEMOETRIE 3D la AUTO-FAST / Incarcare FREON AUTO Non-Stop,large,,0762 893 709,,"Bulevardul Energeticienilor 86, 032092 București, România",032092 București,4.9,3906,google_places,2026-02-11T10:48:32Z
ChIJY6dZOycCskARH_mQKRxSX88,Arcom - Tinichigerie și Vopsitorie Auto,large,,0770 831 100,https://www.arcom-autoservice.ro/,"Calea Griviței 355 - 357, 012244 București, România",012244 București,4.8,204,google_places,2026-02-11T10:48:49Z
ChIJ7eUN2P75sUARmUMU9YT-wIU,Service auto,small,,0767 343 365,,"Strada Hortensiei 2, București, România",București,5,18,google_places,2026-02-11T10:48:49Z
ChIJxylfre4BskARdEnRUG4UQUE,La Service,large,,0747 099 009,http://www.la-service.ro/,"Strada Sergent Constantin Ghercu 5, 060201 București, România",060201 București,4.6,265,google_places,2026-02-11T10:48:51Z
ChIJlT_D6Rr_sUARfki0VbbStBs,MAXIM SERVICE AUTO ITP,medium,,0730 897 138,http://www.maxim-serv.ro/,"Strada Cuza Vodă 82, 040282 București, România",040282 București,4.9,187,google_places,2026-02-11T10:49:08Z
ChIJ160A-X0BskAROvnH_LEwj7k,Service Auto,medium,,0724 710 041,https://serviceauto-rapid.ro/servicii/,"Strada Câmpulung 96, 060405 București, România",060405 București,3.9,172,google_places,2026-02-11T10:49:23Z
ChIJibvnLNv4sUARR5CwyGcyy_A,Activ Auto Service,large,,0727 002 233,http://www.activauto.ro/,"Strada Ghinea Brătășanu 15, 023445 București, România",023445 București,4.7,312,google_places,2026-02-11T10:49:26Z
ChIJj4vdhOT_sUAR-OqhZRATazg,"Carserv Electronic Bucuresti Service Diagnoza Auto Electrica, Electronica Auto",medium,contact@carserv-electronic.ro,0764 828 560,https://carserv-electronic.ro/,"Str. Doina 17, 052152 București, România",052152 București,4.8,93,google_places,2026-02-11T10:49:28Z
ChIJu6CS3aX_sUARxZFg5GU1X_A,S&S AUTO SERVICE,medium,,0722 270 231,https://service-auto-ss.ro/,"Corp C4A, Str. Sergent Nuțu Ion 8-10, 010011 București, România",010011 București,4.8,81,google_places,2026-02-11T10:49:29Z
ChIJV7LSCAD_sUAR4y577JavYo8,"Vulcanizare, Service Andu & Baterii Auto la domiciliu",small,,0722 521 313,,"Șoseaua Giurgiului 36, 040651 București, România",040651 București,5,40,google_places,2026-02-11T10:49:30Z
ChIJ72Z_06UFskARaqih5xHnbvI,Status Service Auto,medium,intl-segmenter@11.7.10,0758 884 885,https://www.status-service.ro/,"Șoseaua București - Târgoviște 93 Parter, 003467 București, România",003467 București,4.5,158,google_places,2026-02-11T10:49:30Z
ChIJ_1KiQLb_sUARq0GQpD4NUnk,Auto Total,medium,logo@2x.png,0721 252 378,https://www.autototalbest.ro/,"Prelungirea Ferentari 33, 052034 București, România",052034 București,4.6,155,google_places,2026-02-11T10:49:32Z
ChIJERcVqDoCskARo61jGzblrFQ,ITP Auto Top Service,large,,0749 334 050,http://www.esapamenteauto.ro/,"Strada Aviator Popișteanu 24, 012094 București, România",012094 București,4.8,532,google_places,2026-02-11T10:49:37Z
ChIJYXfZBxf_sUAR3eXsahI3wN4,Auto 35,large,,0752 353 535,https://auto35.ro/,"Strada Berzei 79, 010253 București, România",010253 București,4.9,306,google_places,2026-02-11T10:49:39Z
ChIJjWQAWjsDskAR9khnWxbDoag,Asist Pro Mobile,medium,,0740 111 828,http://www.asistpro.ro/,"Strada Luduș nr 25, 014607 București, România",014607 București,4.9,117,google_places,2026-02-11T10:49:55Z
ChIJbeF7ZCMDskARA9e3oJEhzcs,"MAR-COM AUTO TOTAL Service Reparatii Daune RCA Sector 1. Vopsitorie, Tinichigerie Auto Soseaua Chitilei, Bucurestii Noi",small,,0762 294 966,,"Șoseaua Chitilei 86, 012395 București, România",012395 București,4.8,37,google_places,2026-02-11T10:49:56Z
ChIJWYMCSSUCskAR6EGBacV7tHk,Auto Garage,large,,031 437 0802,http://www.auto-garage.ro/contact.php,"Strada Aviator Popișteanu 8, 012092 București, România",012092 București,4.1,271,google_places,2026-02-11T10:49:57Z
ChIJd7jAMpYDskARNw4SG4MfLiU,AD Garage Valeo Import-Export Srl,large,,0721 676 835,,"Bulevardul Bucureștii Noi nr. 146-148, 032451 București, România",032451 București,4,314,google_places,2026-02-11T10:49:57Z
ChIJxUw__CICskARpAqK9AUpPog,Reparatii electromotoare/alternatoare,medium,,0726 284 451,,"Bulevardul Ion Mihalache 207, 011174 București, România",011174 București,3.8,98,google_places,2026-02-11T10:49:58Z
ChIJXfCqIgABskARa4-pb4MIJK4,Service Auto,unknown,,,,"Bucureşti Sectorul 1, București, România",București,,,google_places,2026-02-11T10:49:58Z
ChIJJ3pRoeUCskARAbJ0KUX5NpU,Nord Garage,large,office@nordgarage.ro,0765 504 778,https://www.nordgarage.ro/,"Calea Bucureștilor 1, 075100 Otopeni, România",075100 Otopeni,4.5,247,google_places,2026-02-11T10:49:59Z
ChIJFeG_WjYCskARIqeNNJjCewI,Service auto Mercedes-Benz Bucuresti I Tiriac Auto,small,,0374 141 414,https://www.tiriacauto.ro/service/service-tiriac-auto-mercedes-expozitiei/67,"Bulevardul Expoziției 2, cladirea C7, 012103 București, România",012103 București,3.3,30,google_places,2026-02-11T10:50:00Z
ChIJWyIArR_9sUARFaj9hps_UAY,Auto Hit Service,large,,0734 266 001,https://autohitservice.ro/,"Strada Burniței 36-44, 032342 București, România",032342 București,4.5,306,google_places,2026-02-11T10:50:02Z
ChIJUVObKQADskARsZUUlKS1k3w,Vulcanizare Auto,small,,,,"București, România",București,5,2,google_places,2026-02-11T10:50:03Z
ChIJg0M2OTwArkARNcPrmvTj95U,Performance Service Auto,medium,,0733 333 344,http://www.performanceservice.ro/,"Șoseaua București-Măgurele 155, 077025 București, România",077025 București,4.5,78,google_places,2026-02-11T10:50:10Z
ChIJZRxuXxsMSUcRdsdwVgyeQB0,Autofix Service srl,medium,,0722 214 506,http://www.autofix.ro/,"Strada Maica Domnului 53, 023725 București, România",023725 București,4.6,100,google_places,2026-02-11T10:50:13Z
ChIJC447heP4sUAR5PWlqcIuJ1k,Timas,large,office@timas.ro,021 240 7021,http://www.timas.ro/service-auto-bucuresti-fundeni.html,"Șoseaua Fundeni 129, 022326 București, România",022326 București,4.4,386,google_places,2026-02-11T10:50:15Z
ChIJFXi-Syj_sUAR8Vtxfh5Xl_A,Auto Service Internationale S.R.L.,medium,autointernationale@gmail.com,0722 889 688,http://www.autointernationale.ro/,"Strada Teleajen 53, 021466 București, România",021466 București,4.6,137,google_places,2026-02-11T10:50:18Z
ChIJMevnzzL_sUARhtM7dmRaDF4,Service Auto TT,medium,,0764 570 949,http://autott.ro/,"Strada Călușei 35, 030167 București, România",030167 București,4.9,70,google_places,2026-02-11T10:50:19Z
ChIJeQLg7O4BskARkhKyrgEBPFw,Mecanero Ges Service,large,office@mecanero.ro,0722 222 849,http://www.mecanero.ro/,"Strada Părintele Galeriu 12-14, 020761 București, România",020761 București,4.6,349,google_places,2026-02-11T10:50:23Z
ChIJUR1DN6r_sUARtd9_HpwarDw,Est Garage - Service Auto,medium,estgaragebucuresti@gmail.com,0767 663 774,https://www.estgarage.ro/,"Strada Peisajului 31, 022895 București, România",022895 București,3.6,79,google_places,2026-02-11T10:50:25Z
ChIJ2yZtWb34sUARJ21q0w_Lohg,ITP Blitz Auto Service,large,,0740 407 670,,"Strada Maica Domnului 5, 021192 București, România",021192 București,4.7,231,google_places,2026-02-11T10:50:25Z
ChIJjxtYZlv5sUAR9R-h15rNO7s,Service auto Totidai - sector 2,medium,contact@exemplu.ro,0775 668 217,http://www.totidai-service.com/,"Strada Baia de Aramă 1, 022204 București, România",022204 București,4.7,54,google_places,2026-02-11T10:50:28Z
ChIJ-TToR635sUARZPXbnBPydg8,PREMIUM SERVICE MOSILOR,medium,alexandru.croitoru@premiumservice.ro,0724 931 931,https://efup9v.webwave.dev/,"Strada Ardeleni 8, 020309 București, România",020309 București,4.8,53,google_places,2026-02-11T10:50:30Z
ChIJl2jtgUb_sUARSN40wIjBGtM,General Services Company 97 SRL,medium,office@gsc-auto.ro,0799 777 357,https://www.gsc-auto.ro/,"Aleea Magura Vulturului, Strada Ritmului 8, 021675 București, România",021675 București,4.8,74,google_places,2026-02-11T10:50:32Z
ChIJxdqDGtr4sUARnn82aN_PfEA,Dom Auto,medium,office@domauto.ro,021 252 1991,http://www.domauto.ro/,"Șoseaua Electronicii 21-23, 023252 București, România",023252 București,4.2,100,google_places,2026-02-11T10:50:34Z
ChIJ_Xss8Nv4sUARI9NujIL9KaU,Service auto Baicului,medium,,0740 706 866,https://www.facebook.com/Baiculuiservice/,"Str.Slujeru, Strada Dumitru Slugeru 4, 042095 București, România",042095 București,3.2,82,google_places,2026-02-11T10:50:34Z
ChIJh8nDxBr5sUARVtPsRgtn3Dg,Incarcare Freon Auto la locatia masinii,medium,,0752 811 061,https://www.facebook.com/ServiciiAC/,"Strada Magnoliei 101, 700000 București, România",700000 București,4.9,132,google_places,2026-02-11T10:50:35Z
ChIJs8itxwH5sUARIn7vkB8t8cM,Vulcanizare Auto Pantelimon Indreptat Jante Sector 2,medium,,0771 250 364,,"Șos. Pantelimon 219, 021599 București, România",021599 București,4.6,116,google_places,2026-02-11T10:50:35Z
ChIJg_tbMrX4sUAR6grAsa5eeXo,Top Service GPL,large,,0744 131 408,http://www.topservicegpl.ro/,"Strada Vasile Lascăr 167, 010713 București, România",010713 București,4.7,274,google_places,2026-02-11T10:50:52Z
ChIJt9z4tWr_sUARUJDOvTQY38I,Diagnoza auto,medium,,0771 591 548,https://diagnoza-auto-rapida.ro/,"Intrarea Bârsei, 030475 București, România",030475 București,4.9,143,google_places,2026-02-11T10:50:55Z
ChIJu1eCmE7_sUAR_wp3AgBw2Sk,SERVICE PREMIUM,medium,office@servicepremium.ro,0724 545 059,http://www.servicepremium.ro/,"Bulevardul 1 Decembrie 1918 1M, 032451 București, România",032451 București,4.9,93,google_places,2026-02-11T10:50:58Z
ChIJtyg2mf77sUAR7048dOAOMro,Auto Service JON,large,,0744 214 660,,"Strada Grindeiului 5, București, România",București,4.8,264,google_places,2026-02-11T10:50:58Z
ChIJE1DAiZH-sUARuktw7EgT_KI,Service Auto - Sim Auto Garage,medium,20contact@simautogarage.ro,0746 990 196,https://www.simautogarage.ro/,"Bulevardul Basarabia 256, 030352 București, România",030352 București,4.9,149,google_places,2026-02-11T10:51:01Z
ChIJae4yAYD_sUARxUOi4Px0gp0,Best Car Service Auto Sector 3,large,,0722 200 528,http://www.servicevitan.ro/,"Intrarea Borceag 11, 031505 București, România",031505 București,4.4,263,google_places,2026-02-11T10:51:17Z
ChIJe3_6Aez-sUARK6QqeY4KBJs,DAS PRO EXPERT AUTO SRL,large,,0770 425 508,http://www.daspro.ro/,"Aleea Marius Emanoil Buteică 13, 031822 București, România",031822 București,4.7,211,google_places,2026-02-11T10:51:33Z
ChIJl55smyv_sUARIh9URhE6atI,Auto Soft Titan,large,popescuion@domeniu.com.,0747 057 842,https://www.auto-soft.ro/,"Bulevardul 1 Decembrie 1918 33A, 032455 București, România",032455 București,4.5,2308,google_places,2026-02-11T10:51:34Z
ChIJZaTMCBj8sUARut-kUKn7uRc,"Adely Service Auto Sector 3, Vopsitorie Auto Sector 3, Tinichigerie, Încărcare Freon Auto",medium,,0752 240 700,http://www.adely.ro/,"Bulevardul Theodor Pallady 287, București, România",București,4.4,160,google_places,2026-02-11T10:51:37Z
ChIJbemG6Lz7sUARidNvmJqpY-8,Backdoor Garage,medium,backdoorgarage1@gmail.com,0768 784 534,http://www.backdoor-garage.ro/,"Bulevardul Basarabia 250, 060664 București, România",060664 București,4.9,133,google_places,2026-02-11T10:51:41Z
ChIJv_tBGRP_sUARduyrGR2Esog,Fan Auto Line,large,fanautoline@yahoo.com,0759 179 120,http://fanautoline.ro/,"Strada Postăvarului 78, 032426 București, România",032426 București,4.8,418,google_places,2026-02-11T10:51:46Z
ChIJF_iqfu3-sUAR0-Xzduxwtiw,Van International & Co,medium,office@serviceautomobile.ro,0722 398 750,http://www.serviceautomobile.ro/,"Strada Lugojana 4D, 031854 București, România",031854 București,4.9,109,google_places,2026-02-11T10:51:50Z
ChIJBe-D_NL9sUARbF54YdI5Q78,Perfect Luk Auto Service,small,daune@perfectlukservice.ro,0722 438 457,https://www.perfectlukservice.ro/,"Nr. 47 G, Drumul Între Tarlale, 032982 București, România",032982 București,5,27,google_places,2026-02-11T10:51:52Z
ChIJAfqUUGz9sUARzTf0nZSK3rU,Concept Drive Service Auto SRL,small,,0765 514 282,https://conceptdriveservice.ro/,"Strada Burniței 30, 032342 București, România",032342 București,4.9,35,google_places,2026-02-11T10:52:07Z
ChIJm243CrT-sUARs7njnzcLfmE,diagnozauto,medium,,0740 269 641,http://www.diagnozauto.ro/,"Aleea Barajul Sadului 9, 032742 București, România",032742 București,4.8,147,google_places,2026-02-11T10:52:11Z
ChIJITPsz1v5sUARYM5KU1_H6qc,Bosch Car Service - Auto Leader Expim,large,,0377 104 022,https://autoleader.ro/,"Șoseaua Gării Cățelu 180-190, 032995 București, România",032995 București,4.3,354,google_places,2026-02-11T10:52:14Z
ChIJrz0taxj8sUARQ5gpDnDGI9w,Autoklasen Centru Daune,large,office@autoklasen.ro,031 005 9059,https://autoklasen.ro/,"Bulevardul Theodor Pallady 287, 032267 București, România",032267 București,4.8,1098,google_places,2026-02-11T10:52:15Z
ChIJ22YC-2f9sUAR3-l1FgxgLBo,Auto Service IOR srl,medium,office@autoserviceior.ro,0722 606 159,https://www.autoserviceior.ro/,"Incinta IOR 2, Auto Service IOR srl, Bulevardul Theodor Pallady 287, 032258 București, România",032258 București,4.6,180,google_places,2026-02-11T10:52:16Z
ChIJK5vwlwv-sUARYlYYwVAU_VA,Adexpert ITP & Service Auto Berceni,large,adexpert.autocom@gmail.com,0723 723 529,http://www.adexpertauto.ro/,"Strada Vârciorova 5- 9, 077160 București, România",077160 București,4.7,486,google_places,2026-02-11T10:52:22Z
ChIJ73CvzxYDrkARR_nHK7diwao,Nafi Motors Vulcan - Constatare Daune Sector 4,large,,021 9829,https://constatare-daune-bucuresti.ro/,"Drumul Dealu Bradului 157, 042158 București, România",042158 București,4.9,310,google_places,2026-02-11T10:52:22Z
ChIJse7jG2j-sUAROjMg_mMPwTQ,Sim Auto,large,contact@simauto.ro,0721 264 167,https://simauto.ro/,"Șoseaua Olteniței nr. 103, 041303 București, România",041303 București,4.9,341,google_places,2026-02-11T10:52:23Z
ChIJZQEH7RX_sUARUkUYXE7ZHlI,Service auto,small,,0734 607 228,,"Strada Râul Mara 7, 077120 București, România",077120 București,4.5,34,google_places,2026-02-11T10:52:24Z
ChIJAQE38gv-sUARKNupcsxkG7s,"Autotehnic Service Auto & iTP Berceni, Sector 4. Service Daune, Vopsitorie, Tinichigerie Auto Sector 4",large,,0721 667 950,,"Drumul Jilavei 12, 042162 București, România",042162 București,4.3,436,google_places,2026-02-11T10:52:24Z
ChIJH8Kd0Cf-sUARbnrxNM1D7GM,Incarcare Freon Auto - MaxAlarm Sector 4,large,,0766 597 505,https://www.incarcarefreonauto.ro/,"Șoseaua Giurgiului 269A, 040666 București, România",040666 București,4.9,390,google_places,2026-02-11T10:52:40Z
ChIJ65e98Kr_sUAROYarpVRR0ms,AD PREMIUM SERVICE / ITP,large,,0711 050 741,,"Strada Petrolului 3, 040829 București, România",040829 București,4.9,276,google_places,2026-02-11T10:52:41Z
ChIJURgMhA_-sUARdeHspyyVCwo,Service Auto BestProCars,medium,,0723 248 549,http://www.bestprocars.ro/,"Intrarea Binelui 1a, 042159 București, România",042159 București,4.4,155,google_places,2026-02-11T10:52:57Z
ChIJQxD7EC_-sUARokb4WMsFgJs,Goauto Smart,medium,,0766 537 255,https://www.listafirme.ro/goauto-smart-srl-36734954/,"Drumul Jilavei 14, 042161 București, România",042161 București,4.9,99,google_places,2026-02-11T10:52:59Z
ChIJXVeGhXT-sUARNjnylTR0kHk,Service Auto Viorel,large,,0744 516 594,https://www.listafirme.ro/service-auto-viorel-srl-31153020/,"Strada Căpitan Eremia Popescu 11, 077160 București, România",077160 București,4.3,447,google_places,2026-02-11T10:53:01Z
ChIJwT71_U_-sUARQc-chwG19Nw,LUNCLAS AUTO,large,oltenitei@lunclasauto.ro,0762 510 517,http://www.lunclasauto.ro/,"Șoseaua Olteniței 35-37, 041293 București, România",041293 București,4.5,274,google_places,2026-02-11T10:53:03Z
ChIJvSYCUz_-sUARjGlpdsBUPtA,Castrol Service Rixe Auto,large,service@rixe.ro,,http://www.rixe.ro/,"Strada Nițu Vasile 51C, 041542 București, România",041542 București,4.6,201,google_places,2026-02-11T10:53:05Z
ChIJfVVm6sb_sUARADDxdFi8R34,Auto Max AMG Services,medium,ioffice@automaxamg.ro,0739 420 667,http://automaxamg.ro/,"Bucureşti Sect 4 Str INTRAREA BINELUI. 1A, C3-hala, corp C3, 1, parter, 042159 București, România",042159 București,4.8,57,google_places,2026-02-11T10:53:08Z
ChIJcayMfyb-sUARZ84sTuPLTAY,YGR Total Service,medium,,0721 286 389,http://www.ygr.ro/,"Strada Odei 42, 077120 București, România",077120 București,4.8,172,google_places,2026-02-11T10:53:25Z
ChIJWe4rAXb-sUARsU94r15POLc,SC CARS INV SRL / CLAIM EXPERT,large,office@carsinv.ro,0737 520 213,http://www.carsinv.ro/,"Șoseaua Olteniței 227, 077160 București, România",077160 București,4.3,512,google_places,2026-02-11T10:53:26Z
ChIJ7ZnXUfv9sUAReegAeMFGZ-E,Auto Service Special(ITP),medium,,0723 454 662,,"Bulevardul Metalurgiei 474, București, România",București,3.9,111,google_places,2026-02-11T10:53:27Z
ChIJu3hgFwD_sUAR55MTSAByPM8,SERVICE CAB AUTO,small,wght@100..900,0768 702 070,https://www.cabauto.ro/,"Strada Sergent Tablan Dumitru 41, 052034 București, România",052034 București,4.9,18,google_places,2026-02-11T10:53:32Z
ChIJoVrfmPL_sUARwoGtCU0Nqjc,Service Auto,small,,,https://ghidautoservice.ro/product-tag/service-auto-sector-5/,"Șoseaua Viilor 57-55, 052034 București, România",052034 București,3.4,21,google_places,2026-02-11T10:53:33Z
ChIJXeFDNNT_sUARMYddueD59C4,Contact Auto Service,medium,office@contactautoservice.ro,0755 148 861,http://contactautoservice.ro/,"Strada Fabrica de Chibrituri 24-26, 040172 București, România",040172 București,4.4,108,google_places,2026-02-11T10:53:34Z
ChIJVWlP36P_sUARuOQjfhmrNWo,Gda top auto service,medium,,0722 943 720,,"Str. Doina 17, 052034 București, România",052034 București,4.5,114,google_places,2026-02-11T10:53:34Z
ChIJcaR-TpoRDGgRg_AveYSO4nc,Diagnoza auto la domiciliu,small,,0730 443 505,https://sites.google.com/view/diagnoza-auto-la-domiciliu,"Strada Verigei, 050321 București, România",050321 București,4.8,30,google_places,2026-02-11T10:53:35Z
ChIJpdjZXKT_sUARN_ozE939QuE,Vopsitorie Auto,medium,,0744 806 804,https://ro-ro.facebook.com/racomotor/,"Strada Veseliei 5A, 052034 București, România",052034 București,4.6,147,google_places,2026-02-11T10:53:36Z
ChIJCRsnzwv_sUAR4AodhywwtYM,Service Bit Auto,small,office@bitauto.ro,0767 625 663,http://www.bitauto.ro/,"Strada Fabrica de Chibrituri, București, România",București,4.6,17,google_places,2026-02-11T10:53:38Z
ChIJjV_gFlf_sUARqeVKKcdomhI,Electric Auto Custom,medium,,0721 750 450,http://www.electricautocustom.ro/,"Str. Spătarul Preda 7A, 052034 București, România",052034 București,4.6,196,google_places,2026-02-11T10:53:54Z
ChIJsQHK5aj4sUAR87Eyu9TQZV4,ABS Sistems,medium,,0766 341 000,http://www.abssistems.ro/,"Strada Năsăud 26, 052067 București, România",052067 București,4.5,179,google_places,2026-02-11T10:54:10Z
ChIJa7_M_6D_sUAR2zKoFaVuDDc,IACOB TOTAL SERVICE,small,,0771 632 337,https://iacobsdrive.ro/,"Str. Spatarul Preda 7b, Bucuresti-Sector 5, Bucuresti, 050185, 052034 București, România",052034 București,4.8,23,google_places,2026-02-11T10:54:11Z
ChIJ9f0Mtp__sUARMhL3_Hfigiw,New Car International,medium,contact@serviceautoitp.ro,0722 573 090,http://serviceautoitp.ro/,"25, Strada Zaharia Carcalechi Nr. 23, 052072 București, România",052072 București,4.2,166,google_places,2026-02-11T10:54:13Z
ChIJeZNmhgv_sUARDx31bNBiH_4,BVL MASTER TUNING,medium,,0744 167 665,,"Sector 5, București, România",București,4.7,134,google_places,2026-02-11T10:54:14Z
ChIJ3djwvVMBskAREptLLQncHqY,Service Auto Ghencea,large,,0755 049 999,http://www.serviceautoghencea.weebly.com/,"Str. Toamnei 49, 077025 Bragadiru, România",077025 Bragadiru,5,307,google_places,2026-02-11T10:54:15Z
ChIJpQUHuDb_sUARQEEw-sjUSaA,Auto Service,small,,0767 070 060,,"Șoseaua Sălaj 203, 051896 București, România",051896 București,3.7,12,google_places,2026-02-11T10:54:16Z
ChIJ87Evlbn_sUARoVOgU9G51ao,DiagnozaMB,medium,,0763 616 673,https://www.diagnozamb.ro/,"Șoseaua de Centură, nr. 69B Bis, 077160 Popești-Leordeni, România",077160 Popești-Leordeni,4.7,53,google_places,2026-02-11T10:54:16Z
ChIJJcZaepL_sUARL4b8f0heDNo,Nick service Auto srl,small,,021 420 2544,https://ghidautoservice.ro/service/nick-service-auto-srl-str-margeanului/,"Strada Mărgeanului 11-13, 052034 București, România",052034 București,4.2,34,google_places,2026-02-11T10:54:17Z
ChIJ33yTJqL_sUARkzUxwj0IVtQ,Mc Speed Auto - Service Auto Filaret | Diagnoza Auto Berceni | Service Auto Sos Salaj,small,,0722 829 233,,"incinta Comat Filaret, Doina 17, 052151 București, România",052151 București,3.8,4,google_places,2026-02-11T10:54:18Z
ChIJq0fg46YBskARLJom8P3_vP0,Shaken Auto | ITP Uverturii,large,office@itp-auto.ro,0771 519 376,https://www.itp-auto.ro/,"Bulevardul Uverturii 136, 060937 București, România",060937 București,4.9,1828,google_places,2026-02-11T10:54:21Z
ChIJK97k3uAAskARNmlD9iJrzQk,Perfect Service TCA,medium,office@perfectservicetca.ro,0722 216 677,http://www.perfectservicetca.ro/,"Str. Preciziei 32, București, România",București,4.5,114,google_places,2026-02-11T10:54:23Z
ChIJ-41qxMsBskAR_A8N-C_OcSk,Ad Garage Sky Auto Service,large,,0751 102 020,https://skyautoservice.ro/,"Strada Constantin Moise 5, 061344 București, România",061344 București,4.6,384,google_places,2026-02-11T10:54:24Z
ChIJM9zYJTUBskARUOV17Mg6E7Q,SPC AUTO SERVICE Castrol Service,large,,0733 120 121,https://www.spcautoservice.ro/,"Bulevardul Timișoara 30, 061344 București, România",061344 București,4.6,474,google_places,2026-02-11T10:54:24Z
ChIJR0zA5hcBskARS5Vh8az0j6E,Top Custom Garage Service Auto Militari sector 6,medium,,0731 000 731,https://www.serviceautomilitari.ro/,"23 Barsanesti street, 062182 București, România",062182 București,4.5,121,google_places,2026-02-11T10:54:40Z
ChIJvblE7c4BskARr4PBCjrO0jA,Top Lac Service,large,,0758 110 002,http://www.toplacservice.ro/,"Bulevardul Timișoara 8, 061344 București, România",061344 București,4.8,7901,google_places,2026-02-11T10:54:41Z
ChIJ87xkKEcAskAR9rF971SnqN8,Alarme Auto,large,,0767 577 993,http://www.alarme-auto.weebly.com/,"Aleea Băiuț 4, 061936 București, România",061936 București,5,1210,google_places,2026-02-11T10:54:43Z
ChIJaZoaMcoBskARieSkN0_-wMg,TBG Automotive Cars,large,,0726 130 301,,"Plaza romania, zona Lujerului, 061331 București, România",061331 București,4.7,485,google_places,2026-02-11T10:54:43Z
ChIJY8aNwdABskARMPxbB-e0Ado,Shaken Auto | ITP Virtutii,large,office@itp-sector6.ro,0731 926 524,http://www.itp-sector6.ro/,"Șoseaua Virtuții nr.17a, 077042 București, România",077042 București,4.8,1107,google_places,2026-02-11T10:54:46Z
ChIJpQquH84BskARqNFJJcen7Ao,Marvis Auto Concept,large,contact@turbineauto.ro,0723 980 884,http://www.turbineauto.ro/,"Bulevardul Timișoara 60-62, 061328 București, România",061328 București,4.6,723,google_places,2026-02-11T10:54:48Z
ChIJi-TejTwAskARKs66-Sg_COg,Car Clinic Service,large,,0770 476 209,,"Intrarea Dihorului 1, 061707 București, România",061707 București,4.5,461,google_places,2026-02-11T10:54:49Z
ChIJya_h0fEBskARD8ucfrulMG8,Turbocon Smart Repair Service,large,,0724 011 968,https://turbocon.ro/,"Strada General Petre Popovăț 37-39 6, 060314 București, România",060314 București,4.8,604,google_places,2026-02-11T10:55:04Z
ChIJrQosNv8BskARm44XqTh5WAs,Top Lac Service,large,,0745 200 084,http://www.toplacservice.ro/,"Bulevardul Timișoara Nr. 179, 061327 București, România",061327 București,4.9,7476,google_places,2026-02-11T10:55:06Z
ChIJOeISP94DskARnCy9uad8S0k,"Blue Car Service - Vopsitorie Auto | Tinichigerie Sector 6 | ITP Giulesti, Service Auto Giulesti",medium,bluecarservice@yahoo.com,0769 274 258,http://www.bluecarservice.ro/,"Drumul Săbăreni 28, 060646 București, România",060646 București,4.4,148,google_places,2026-02-11T10:55:09Z
ChIJByBW3q8BskARxcnV41N4UP4,RESPECT CAR - STATIE ITP - SERVICE AUTO,medium,,0724 770 070,,"Str. Valea Lungă 30, 077042 București, România",077042 București,4.7,116,google_places,2026-02-11T10:55:09Z
ChIJFTK69ykBskAREd5CzkCWAZo,Autoserv | Bd. Timisoara,large,contact@autoserv.ro,021 555 7479,http://autoserv.ro/,"Bulevardul Timișoara 76A, 061324 București, România",061324 București,4.6,591,google_places,2026-02-11T10:55:12Z
ChIJya17TKcCskARk-L8PF5vFlU,Auto Car Service Pipera,large,,031 9455,http://www.autocar.ro/,"Strada Constantin Pritopescu 9A, 077190 Voluntari, România",077190 Voluntari,4.8,1089,google_places,2026-02-11T10:55:16Z
ChIJeeuvqxkbskARuSuQ7CUjzmk,Service Auto Otopeni,medium,,0770 396 952,,"Strada Libertăţii 26, 075100 Otopeni, România",075100 Otopeni,4.8,79,google_places,2026-02-11T10:55:17Z
ChIJvSUIv0r4sUARl87lMKe6fgg,Sey Motors Service Auto BMW,medium,contact@serviceautobmw.ro,0723 863 554,http://www.serviceautobmw.ro/,"Bulevardul Voluntari 72, 077190 Voluntari, România",077190 Voluntari,4.9,122,google_places,2026-02-11T10:55:18Z
ChIJiVCsQhP3sUARBO84Ed_5KIo,AD GARAGE AUTO UNION,medium,auto-union-logo@2.png,0737 502 024,http://www.auto-union.ro/,"Str. Sperantei. 48, com. Afumati, Voluntari, 077010 Ilfov, România",077010 Ilfov,4.8,70,google_places,2026-02-11T10:55:22Z
ChIJeUD9bEX4sUARJSTYfbXDm7s,Service Auto - Motor Plus Car Service,small,,0747 419 685,http://www.motorpluscar.ro/,"Strada Izvoarelor 43a, 077190 Voluntari, România",077190 Voluntari,4.9,46,google_places,2026-02-11T10:55:26Z
ChIJGxmvN_4dskAR3yikaRRmnYY,Ecoservice Romania - Service auto Bucuresti,medium,roecoservice@gmail.com,0744 958 888,https://ecoserviceromania.ro/,"Șoseaua Tunari – Balotești nr. 2, Dimieni, 177180 București, România",177180 București,4.8,146,google_places,2026-02-11T10:55:27Z
ChIJo5wOiAD3sUAR1nm2Et9ApDw,A-Z Service Auto Biz' Afumati,medium,,0761 392 404,https://www.facebook.com/BizServiceAfumati/,"Șoseaua Ștefănești 140, 077010 Afumați, România",077010 Afumați,4.6,58,google_places,2026-02-11T10:55:28Z
ChIJ5TwX0yX3sUAROy9uqPPbpfI,MASTERS AUTOSERVICE S.R.L.,small,contact@auto-rom.ro,0723 340 496,https://www.auto-rom.ro/service-auto/ilfov/masters-autoservice-srl,"Sos. Bucuresti-Urziceni, 232, Com. Afumati, Ilfov, DN2 232, 077010 Afumați, România",077010 Afumați,4.5,28,google_places,2026-02-11T10:55:29Z
ChIJ382d51j5sUARnWaHVYb6Stw,Auto service,small,,0723 724 202,,"Bulevardul Voluntari 81, 077190 Voluntari, România",077190 Voluntari,4.7,22,google_places,2026-02-11T10:55:30Z
ChIJKX9BqF4dskARCQDCaLWy1Ak,Service Auto Timas - Tunari - Soseaua de Centura,large,office@timas.ro,031 225 4247,http://www.timas.ro/service-auto-bucuresti-tunari-soseaua-de-centura.html,"Soseaua de Centura, nr. 27, Tunari,, 077180 Tunari, România",077180 Tunari,4.4,252,google_places,2026-02-11T10:55:31Z
ChIJ91TZvkj7sUARjPBelDp8_w4,TKLC auto serv,small,,0728 108 979,,"Bulevardul Biruinței 96A, 077145 Pantelimon, România",077145 Pantelimon,5,22,google_places,2026-02-11T10:55:32Z
ChIJqxrAZA0dskARAw3YixyQ6LI,Service Auto Otopeni. DMF Service,medium,contact@dmfservice.ro,0749 396 666,https://www.dmfservice.ro/,"Șoseaua Odăii 241, București, România",București,4.4,107,google_places,2026-02-11T10:55:34Z
ChIJk6bBQNsbskARWvGAJrP5jUQ,Speed Service,medium,,021 351 2255,https://www.listafirme.ro/speed-service-srl-18395639/,"Strada 1 Decembrie 28, 077015 Balotești, România",077015 Balotești,4.4,133,google_places,2026-02-11T10:55:36Z
ChIJS2UF-rv3sUARnolvDFuoBmk,Tinichigiu auto - LA GONGONEZU,small,,0721 253 394,,"Strada Fagului 13, 077010 Afumați, România",077010 Afumați,4.9,18,google_places,2026-02-11T10:55:36Z
ChIJOwnbJhIdskARNwdqkg8kfPs,Service auto Tunari,medium,contact@servicetunari.ro,0722 230 709,http://www.servicetunari.ro/,"Calea București 36, 077180 Tunari, România",077180 Tunari,4.5,88,google_places,2026-02-11T10:55:37Z
ChIJg5fpvTn4sUARh6zU5yGXemQ,Pilot Custom Service,medium,,0723 321 216,http://www.pilotauto.ro/,"Centura București 7, 077190 Voluntari, România",077190 Voluntari,4.8,164,google_places,2026-02-11T10:55:53Z
ChIJt4DYJFgNSUcRwHOs1pViD6o,"TAL Service Auto Cluj | Încărcare Freon Auto | Reglaj Direcție | Schimb Ulei, Distribuție | Tinichigerie, Vopsitorie Auto",large,,,https://serviceautoclujnapoca.ro/,"Bulevardul 21 Decembrie 1989 146, corp A, parter, 400604 Cluj-Napoca, România",400604 Cluj-Napoca,4.9,1672,google_places,2026-02-11T10:55:59Z
ChIJGxCDjiMMSUcRHIOq2vzi7V4,Service Auto Cluj Oaza Car Care - Hotel Anvelope | Piese auto | Reglaj directie | Vulcanizare auto | Schimb ulei,large,oaza_car@yahoo.com,0774 456 341,https://www.serviceautocluj.ro/,"Calea Dorobanților 18-20, 400000 Cluj-Napoca, România",400000 Cluj-Napoca,4.6,342,google_places,2026-02-11T10:56:03Z
ChIJd4JUUhgMSUcR3uoXn7C0kOQ,Modus - Service Auto Cluj - ITP CLuj,large,,0741 066 928,http://www.modus.ro/,"Bulevardul 21 Decembrie 1989 146, 400604 Cluj-Napoca, România",400604 Cluj-Napoca,4.8,414,google_places,2026-02-11T10:56:05Z
ChIJkVxMWAQMSUcRLaelV5u04kA,Sturimex Service,large,,0740 166 499,,"Str. Bulgarilor 10, 400627 Cluj-Napoca, România",400627 Cluj-Napoca,4.7,746,google_places,2026-02-11T10:56:06Z
ChIJf2VUkHcMSUcRCMHw528vz6E,Auto Util Service,large,office@autoutil-service.ro,0757 077 987,https://www.autoutil-service.ro/,"Strada Traian Vuia 25a, 400387 Cluj-Napoca, România",400387 Cluj-Napoca,4.8,251,google_places,2026-02-11T10:56:09Z
ChIJ8bhK0sIOSUcROt1TA0Clo7Y,Black Auto,large,black.auto@yahoo.com,0722 103 221,https://blackautocluj.com/,"Hala 4, Strada Lombului FN, 400227 Cluj-Napoca, România",400227 Cluj-Napoca,4.6,222,google_places,2026-02-11T10:56:10Z
ChIJL_h99tgNSUcRCsggMcdbI5Q,Ocazii Auto Service,medium,office@ocaziiauto.ro,0740 207 852,https://ocaziiauto.ro/,"Strada Frunzișului 83b, 400664 Cluj-Napoca, România",400664 Cluj-Napoca,4.9,140,google_places,2026-02-11T10:56:12Z
ChIJsbu8Z-4PSUcRb42uIif0N3Q,Service Maier,medium,,,https://servicemaier.com/,"Strada Banul Udrea 6, 400238 Cluj-Napoca, România",400238 Cluj-Napoca,4.9,123,google_places,2026-02-11T10:56:13Z
ChIJNenOe4AOSUcRK1eVRSEqQ34,Service Auto,medium,,,,"400000, Strada Ciprian Porumbescu, 400535 Cluj-Napoca, România",400535 Cluj-Napoca,4.5,78,google_places,2026-02-11T10:56:13Z
ChIJ16sU_EEMSUcR5TrTLysG9MI,Mall Dorobantilor Service,large,mallvulcan@yahoo.com,0748 610 277,http://mallvulcan.ro/,"Calea Dorobanților 18-20, 400117 Cluj-Napoca, România",400117 Cluj-Napoca,4.2,1018,google_places,2026-02-11T10:56:17Z
ChIJj_ns77MNSUcR-oBCOA0HQrE,SOS ITP SERVICE,medium,dorobantilorservice@gmail.com,0771 437 781,https://serviceautocluj.com/,"Calea Dorobanților 18-20, 400000 Cluj-Napoca, România",400000 Cluj-Napoca,4.8,194,google_places,2026-02-11T10:56:18Z
ChIJMUdADgkMSUcR85ZuZQ0nrcY,Hal Auto,large,,0264 456 261,https://halautoservice.ro/,"Strada Plevnei, 8, 400124 Cluj-Napoca, România",400124 Cluj-Napoca,4.1,269,google_places,2026-02-11T10:56:19Z
ChIJozJTFeoOSUcRfi0LCSVEFTY,Niklas AD Garage - Service Auto Cluj,large,,0746 069 559,https://niklas-service.ro/,"Corneliu Coposu St 167, 400228 Cluj-Napoca, România",400228 Cluj-Napoca,4.4,213,google_places,2026-02-11T10:56:21Z
ChIJPynYeX4NSUcRUbt0MgM1z50,Auto N&G Service,small,,0745 634 264,,"Strada Traian Vuia 25a, 400394 Cluj-Napoca, România",400394 Cluj-Napoca,5,25,google_places,2026-02-11T10:56:21Z
ChIJKzuhDn4MSUcRImcx1LWCyhc,Autodoc Service Auto,large,service@autodoc.ro,0740 075 986,https://auto-doc.ro/,"Strada Plevnei 28, 400000 Cluj-Napoca, România",400000 Cluj-Napoca,4.1,839,google_places,2026-02-11T10:56:23Z
ChIJU_phiLQNSUcRQ6LdcbNfOpE,Autocyb Tor- reglaj direcție 3D,medium,,0749 248 384,,"Strada Mentenanței, 400397 Cluj-Napoca, România",400397 Cluj-Napoca,4.9,191,google_places,2026-02-11T10:56:23Z
ChIJSz0wRFsLSUcRntodMpUUdVw,Service Auto Nexxon Cluj-Napoca,large,select2@4.1.0-rc.0,0760 780 529,https://www.nexxon.ro/servicii/cluj-napoca/,"Strada Clujului 5, 407042 Sânnicoară, România",407042 Sânnicoară,4.8,995,google_places,2026-02-11T10:56:25Z
ChIJEWYz2HcOSUcRYSHUN_PUK0I,Manu Auto,medium,office@auto-clinic.ro,0364 117 770,http://auto-clinic.ro/,"Suite, Strada Frunzișului 83B, 400000 Cluj-Napoca, România",400000 Cluj-Napoca,4.7,97,google_places,2026-02-11T10:56:28Z
ChIJ5wTXEAgMSUcR9oG58i7CB-Q,Auto Marcheno,medium,,0770 808 408,,"Strada Bobâlnei 85, 400000 Cluj-Napoca, România",400000 Cluj-Napoca,5,125,google_places,2026-02-11T10:56:28Z
ChIJr8Y5EQgMSUcRz6CCE1P3-g0,WOB Service,large,,0752 856 003,https://www.wobservice.ro/,"Strada Traian Vuia 182a, 400397 Cluj-Napoca, România",400397 Cluj-Napoca,4.6,257,google_places,2026-02-11T10:56:31Z
ChIJ_3229XRnRUcR9UMer_UKPhM,Service Auto Mox,large,,0752 401 440,https://www.serviceautomox.ro/,"Calea Șagului 138E, 300723 Timișoara, România",300723 Timișoara,4.6,344,google_places,2026-02-11T10:56:34Z
ChIJV8-BBslnRUcRsaAc2-8ncMc,Black Auto Service,medium,service@blackauto.ro,0774 452 866,https://service.blackauto.ro/,"Strada Vasile Cârlova 16, 307200 Timișoara, România",307200 Timișoara,4.8,174,google_places,2026-02-11T10:56:36Z
ChIJw62TVgBdRUcR4f_T6fylsDU,Service-Tim by SxN,medium,contact@service-tim.ro,0766 625 623,https://www.service-tim.ro/,"Int. Prof. Anton Kathrein 7, 307221 Timișoara, România",307221 Timișoara,5,154,google_places,2026-02-11T10:56:37Z
ChIJtQYD2lRnRUcRLfrawkPwYek,Service Auto,medium,,0755 573 373,,"Bulevard, Strada Simion Bărnuțiu 16, 300303 Timișoara, România",300303 Timișoara,4.4,66,google_places,2026-02-11T10:56:37Z
ChIJvRwEJ4pdRUcRw5zZias6mzo,TTU Service Auto & ITP Timisoara,large,,0751 133 354,https://ttu.ro/,"Strada Nicolinț 2, 300562 Timișoara, România",300562 Timișoara,4.8,222,google_places,2026-02-11T10:56:39Z
ChIJzyJmWqdnRUcRFLQX8JRqGKw,Best Engine,large,receptie@bestengine.ro,0356 444 777,http://www.bestengine.ro/,"Calea Lugojului 140, 307200 Ghiroda, România",307200 Ghiroda,4.5,958,google_places,2026-02-11T10:56:41Z
ChIJRQBkjLtdRUcRxhK3fx275jM,"Yasari Automotive Service Auto Timisoara. Revizie Auto, Mecanica Auto Timisoara",medium,,0734 166 316,https://m.facebook.com/ATRapid/?ref=page_internal&mt_nav=0,"Calea Lugojului 44, 307200 Ghiroda, România",307200 Ghiroda,4.8,119,google_places,2026-02-11T10:56:42Z
ChIJ15rcLI1nRUcRBsQZ8i02vYI,Auto-Mobil Service,medium,office.amstm@gmail.com,0753 580 093,https://automobilservice.ro/services/,"str. Lt, Str. Locotenent Ovidiu Balea 147, 300620 Timișoara, România",300620 Timișoara,4.7,83,google_places,2026-02-11T10:56:45Z
ChIJvR_8WspnRUcR4m0LY519Kms,ITP + Service Auto LCD,medium,,0741 407 713,,"Strada Basarabia 174A, 300371 Timișoara, România",300371 Timișoara,4.8,191,google_places,2026-02-11T10:56:45Z
ChIJA17O9XRdRUcRwinCOVycccY,"Fox Paint Vopsitorie, Tinichigerie Auto Timisoara",large,,0745 388 076,http://www.foxpaint.ro/,"Calea Chișodei 58, 307221 Chișoda, România",307221 Chișoda,4.7,250,google_places,2026-02-11T10:57:01Z
ChIJ1xuir0xdRUcR4SQPqSK8rVU,Centrul de Geometrie Auto,large,Asset-1@6xalb-cgatm.png,,https://centruldegeometrieauto.ro/,"Strada Bogdan Petriceicu Hasdeu 1, 300016 Timișoara, România",300016 Timișoara,4.8,285,google_places,2026-02-11T10:57:04Z
ChIJ4ZLypyRnRUcR9kCiBZbkSyI,VULCANIZARE&GEOMETRIE ROȚI&INCARCARE CLIME AUTO,large,,0767 790 476,,"Intrare pe langa Pod, Calea Șagului 145, A, 300516 Timișoara, România",300516 Timișoara,4.8,269,google_places,2026-02-11T10:57:04Z
ChIJl84UhAlnRUcRPOAjZGcSvG0,Itp Timisoara Service Rafael,large,,0727 188 097,https://itptimisoara.com/,"Strada Ion Ionescu de la Brad 29, 300245 Timișoara, România",300245 Timișoara,4.6,573,google_places,2026-02-11T10:57:06Z
ChIJI9j2vd5nRUcRNCmnn2Qpjlc,Service auto,small,,0764 321 388,,"Strada Gheorghe Asachi 6, 300571 Timișoara, România",300571 Timișoara,3.9,41,google_places,2026-02-11T10:57:07Z
ChIJAQBwxgVdRUcRfw2gkfhNqGs,AutoXpert,large,mecanica@autoxpert.ro,0256 274 413,https://autoxpert.ro/about-us/,"Strada Paul Constantinescu 48, 300471 Timișoara, România",300471 Timișoara,4,356,google_places,2026-02-11T10:57:10Z
ChIJH7LdrfBnRUcRSkExNE24anM,Gusti Service,medium,office@jarnes.ro,0722 351 559,http://jarnes.ro/,"Mehala, Stradă Balea Ovidiu, locotenent nr. 2A, 300410 Timișoara, România",300410 Timișoara,4.8,93,google_places,2026-02-11T10:57:11Z
ChIJj_KW7oFdRUcRnOkhVTMcZs0,BELAVI,medium,,0256 208 055,,"Strada Lunei 3, 300108 Timișoara, România",300108 Timișoara,4.8,61,google_places,2026-02-11T10:57:11Z
ChIJueLvsg1dRUcRJkRpOE4qyb4,Promotor Service,large,,0722 848 855,http://www.promotortm.ro/,"Strada Prahova 1A, 300425 Timișoara, România",300425 Timișoara,4.5,365,google_places,2026-02-11T10:57:27Z
ChIJX1T4zwxnRUcRq-Xr7n8v460,Auto Check Center - Demetra,large,,0744 517 442,https://demetra.itp.ro/,"Strada Aristide Demetriade 28, 300261 Timișoara, România",300261 Timișoara,4.3,244,google_places,2026-02-11T10:57:28Z
ChIJw2Auw4JdRUcRRyfstSXNVGQ,Auto G.P. Pro-Service,medium,,0733 803 877,,"Calea Șagului 151A, 300516 Timișoara, România",300516 Timișoara,4.7,64,google_places,2026-02-11T10:57:29Z
ChIJmweWhuf7ykARuHxQjmLKms8,Service Auto Iasi,small,alina.gaita@listafirme.ro,,http://listafirme.ro/,"Clădirea C4, Bulevardul Poitiers, 700701 Iași, România",700701 Iași,4.9,35,google_places,2026-02-11T10:57:33Z
ChIJ34NTvL77ykARuUT4Ij81Jvs,CarHospital Service Auto Iasi,large,,0770 455 210,http://www.carhospital.ro/,"Calea Chișinăului, 700180 Iași, România",700180 Iași,4.9,526,google_places,2026-02-11T10:57:37Z
ChIJq_Dewzz7ykARqlwIfoIGFP0,Service auto Cosmo Motors,large,OFFICE@COSMOMOTORS.RO,0725 531 111,https://cosmomotors.ro/,"Bulevardul Metalurgiei 8, 700293 Iași, România",700293 Iași,4.8,744,google_places,2026-02-11T10:57:38Z
ChIJC5B1jRb7ykARP0q7EUFRHVs,Service auto,small,,0740 133 503,,"Baza 3, Iași, România",Iași,4.9,28,google_places,2026-02-11T10:57:38Z
ChIJDwctAwD7ykARjBgOq4P1jV4,STAR SERVICE AUTO IAȘI,medium,,0741 235 777,https://www.facebook.com/profile.php?id=61562094321923,"Strada Aurel Vlaicu 78, Iași, România",Iași,4.7,56,google_places,2026-02-11T10:57:39Z
ChIJwT3ztnD7ykARiTGC_jFP8mU,DIAGNOZA AUTO IASI,small,,0799 600 500,http://www.diagnozaiasi.ro/,"Bulevardul Chimiei, 700293 Iași, România",700293 Iași,4.8,4,google_places,2026-02-11T10:57:39Z
ChIJu9eaVKL7ykAR9OizTv1w8yI,Service auto Iaşi “ La Pici”,medium,,0745 563 221,,"AUTOTRANS SA, Bulevardul Chimiei 14, 707252 Iași, România",707252 Iași,4.5,99,google_places,2026-02-11T10:57:40Z
ChIJ-_5_ihL7ykARCJXLRTU_JaQ,AUTOSERVICE RAPID S.R.L,large,,0758 226 187,https://service-rapid.ro/,"Strada Cicoarei 2F, 700620 Iași, România",700620 Iași,4.6,263,google_places,2026-02-11T10:57:41Z
ChIJu9thCl37ykAR38gkYbJ8B_Y,"TOTAL SERVICE GROUP Service Auto Iasi. Vopsitorie, Tinichigerie Auto Iasi. Polish Auto Iasi",small,,0749 311 079,,"Strada Pictor Octav Băncilă nr. 3, 700635 Iași, România",700635 Iași,4.2,25,google_places,2026-02-11T10:57:41Z
ChIJZ3umOon7ykARa2fbVeiZId0,Service Auto - ELECTRONICA Profesionala IASI,small,,,http://electronică.ro/,"Bularga, Iași, România",Iași,4.7,11,google_places,2026-02-11T10:57:52Z
ChIJF5cYiFz7ykARV4BpbSsvTe4,Bosch Car Service - Autocenter,large,service_dn28@autocenteriasi.ro,0232 251 769,https://www.autocenteriasi.ro/,"Șoseaua Moara de Foc 31, 707410 Iași, România",707410 Iași,3.6,218,google_places,2026-02-11T10:57:53Z
ChIJf-NYv8X7ykARpVLwYs_sBzw,Auto Smart Iasi - Statie ITP si Vulcanizare Auto,large,vanillajs-datepicker@1.3.3,0754 943 346,http://www.iasiitp.ro/,"Bulevardul Nicolae Iorga 6A, 700257 Iași, România",700257 Iași,4.7,291,google_places,2026-02-11T10:57:55Z
ChIJWyfgTUP7ykARYM88l2MUmdc,Service auto dacia,medium,,0757 108 500,http://service.auto.ro/iasi/dacia,"Strada Tabacului nr2, 700743 Iași, România",700743 Iași,4,150,google_places,2026-02-11T10:57:56Z
ChIJx9dgEKT7ykAR0GTOGOPkHdU,Racemi Car Service,large,service@racemi.ro,0751 100 047,https://www.racemiservice.ro/,"Bulevardul Nicolae Iorga 12 E, 700220 Iași, România",700220 Iași,3.4,443,google_places,2026-02-11T10:57:58Z
ChIJ49b3PRX7ykAR-zFvgJ5CJ4A,DiagZone IASI - Diagnoza Auto Mobila Iasi,small,,0725 750 000,,"Bulevardul Tudor Vladimirescu 52, 700311 Iași, România",700311 Iași,5,2,google_places,2026-02-11T10:57:58Z
ChIJ3wrleVv7ykARS4nKiCiarSw,Castrol Service Autoalex,medium,,0742 112 418,https://serviceautoalex.ro/,"Șoseaua Moara de Foc 22 A, 700527 Iași, România",700527 Iași,4.1,138,google_places,2026-02-11T10:57:59Z
ChIJZa-sZb_kykARLBJ2uVEMPVo,Autocenter,large,service_dn28@autocenteriasi.ro,0232 251 769,http://www.autocenteriasi.ro/?utm_source=google&utm_medium=wix_google_business_profile&utm_campaign=5724469386448541735,"Șoseaua Păcurari 157 fostul DN28, Valea Lupului, 700545 Iași, România",700545 Iași,3.9,243,google_places,2026-02-11T10:58:01Z
ChIJ11P_Hcb7ykARMMwiC0opGMg,Bosch Car Service - Orepan,large,ie11CustomProperties@4.1.0,0744 481 195,https://www.service-auto-iasi.ro/,"Bulevardul Poitiers 2, 700671 Iași, România",700671 Iași,4.4,262,google_places,2026-02-11T10:58:02Z
ChIJY77Cs8D7ykARAC5wpXrpezg,Service Auto,small,,0742 143 473,,"Strada Profesor Paul Ion 15, 700302 Iași, România",700302 Iași,4.7,26,google_places,2026-02-11T10:58:03Z
ChIJuQFDFfr7ykARDEx2z6-DoeE,Castrol Service NC Auto,large,office@serviceautoplus.ro,0744 751 046,http://ncauto.ro/,"Incinta Hoffer, Strada Aurel Vlaicu 79, 707252 Iași, România",707252 Iași,4.4,214,google_places,2026-02-11T10:58:04Z
ChIJMyABc4vvukARqYFxOT5WEWM,Iulius Service Auto Constanta,large,,0722 303 140,https://www.iulius-service.ro/,"Str Interioara 4 Incinta Farmavet, 900330 Constanța, România",900330 Constanța,4.2,1178,google_places,2026-02-11T10:58:08Z
ChIJg4t07XzlukARtKWnIl5f88w,Fox Motors,large,,0769 933 337,http://foxmotors.ro/,"Strada Biruinței 107, 900348 Constanța, România",900348 Constanța,4.7,392,google_places,2026-02-11T10:58:09Z
ChIJ-YGyiFXvukARwwV54DoEN_Q,AFA Garage - Service Auto Constanta Multimarcă. Revizie Auto. Mecanică și Electrică Auto. Tinichigerie,medium,info@yoursite.com,0728 631 120,https://afagarage.ro/,"Strada Mangaliei 80A, 900082 Constanța, România",900082 Constanța,4.8,83,google_places,2026-02-11T10:58:11Z
ChIJiaRw9K_lukAR_PPv1raEJi8,TOTO ROM,large,,0725 199 881,http://service.auto.ro/toto-rom_6675,"Strada Liliacului 1, 900007 Constanța, România",900007 Constanța,4.9,350,google_places,2026-02-11T10:58:12Z
ChIJh1oOPqDlukARz8MwoL2Qvrc,BF auto service Constanta,medium,,0770 606 826,http://www.bfservice.ro/,"5J52+MV, Șoseaua Industrială 2, 900147 Constanța, România",900147 Constanța,4.7,83,google_places,2026-02-11T10:58:13Z
ChIJT14cZ-7vukARAi60gpbePhI,Euro Auto Service si Statie ITP Constanta CT060,large,birou@euroautoservice.ro,0729 440 127,http://www.euroautoservice.ro/,"Str. Dumitru (Tache) Brumărescu nr. 24, 900330 Constanța, România",900330 Constanța,4.4,300,google_places,2026-02-11T10:58:15Z
ChIJp4QE2lPlukARr218L5uOZSw,Five Stars Auto Company Service Auto Constanța,medium,,0745 645 645,https://5autoexpert.ro/,"Strada Democrației 118, 900034 Constanța, România",900034 Constanța,4.7,131,google_places,2026-02-11T10:58:16Z
ChIJIdq88fTvukARi6QcELAWep0,Automar Carservice,medium,,0723 283 428,,"Strada Interioară 3, 900330 Constanța, România",900330 Constanța,4.4,84,google_places,2026-02-11T10:58:17Z
ChIJZ1W8oOTvukARq2diW28FTrs,Gerea,medium,sandu_gerea@yahoo.fr,0241 878 605,http://servicegerea.ro/,"Str. Baba Novac 126, Constanța, România",Constanța,4.5,165,google_places,2026-02-11T10:58:20Z
ChIJZYMIq3DlukAR---Q4Sqws9A,Calypso Best Service,large,,0758 088 888,https://www.calypso-service.ro/,"Str Cumpenei 8bis 10, Strada Cumpenei 8-10, 900147 Constanța, România",900147 Constanța,4.7,516,google_places,2026-02-11T10:58:20Z
ChIJQzRcOXzlukARqZg1EvzKq-0,ACS SERVICE AUTO S.R.L.,medium,,0744 579 630,,"Strada Medeea 1C, 900154 Constanța, România",900154 Constanța,4,191,google_places,2026-02-11T10:58:21Z
ChIJ-Tgokz3wukARj5dkWGIgNxE,Tracom Service,large,,0729 046 718,http://www.tracom.ro/,"Strada Santos 25,, in spatele magazinului Selgros Constanţa Nord, 900001 Constanța, România",900001 Constanța,4.2,234,google_places,2026-02-11T10:58:24Z
ChIJXVW81PflukARvJhLC-7cBG0,Club Service Litoral | Service Auto Constanta,small,,0736 863 338,https://www.facebook.com/service.litoral/?locale=ro_RO,"Strada Vârful cu Dor 6, 900076 Constanța, România",900076 Constanța,5,28,google_places,2026-02-11T10:58:24Z
ChIJW03ebG_lukARKT299aPnZ5Y,EURO AUTO SERVICE TROCADERO,small,,0730 722 887,,"Strada Artileriei 8, 900178 Constanța, România",900178 Constanța,5,20,google_places,2026-02-11T10:58:25Z
ChIJlWKawnjlukAR6QCtSTYLksI,Castrol Service City Auto Service,medium,,0722 900 687,https://www.castrol.com/ro,"incinta Logistic Park, Șoseaua Industrială 6, 900147 Constanța, România",900147 Constanța,4.6,187,google_places,2026-02-11T10:58:26Z
ChIJxZ7_MArlukARG5tPh8pxNwk,SERVICE AUTO BRM EXPERT SOLUTION,medium,,0761 036 552,,"Strada Interioară 2 3, 900178 Constanța, România",900178 Constanța,4.6,76,google_places,2026-02-11T10:58:26Z
ChIJ17m5b-_lukAR_UQX1j6XWVk,ADN,large,,0737 104 420,,"Bulevardul I. C. Brătianu 39a, 900178 Constanța, România",900178 Constanța,4.6,263,google_places,2026-02-11T10:58:27Z
ChIJH-PS02blukARmDCMG_qpJHQ,Asbefil,small,,0731 302 511,https://www.facebook.com/Asbefil,"Strada Plantelor 20, 900178 Constanța, România",900178 Constanța,4.1,38,google_places,2026-02-11T10:58:27Z
ChIJnUVPGWrlukAR89afwiPioU4,BLC Autohouse Leader SRL,large,,0722 708 915,,"Str. Justiției 45, 900266 Constanța, România",900266 Constanța,4.4,209,google_places,2026-02-11T10:58:28Z
ChIJ--lKr3v7ukARvWpBXkwL_hA,Geometrie Roti constanta,medium,ivone.auto.workshop@gmail.com,0738 757 744,https://geometrie-roti-constanta.ro/,"Strada Semănătorului 38, 900389 Constanța, România",900389 Constanța,4.6,179,google_places,2026-02-11T10:58:31Z
ChIJXSGD7O_XUkcRVfD4K4B0HmE,AutoExpres Service - Freon Auto Craiova,medium,intl-segmenter@11.7.10,0799 998 064,http://www.autoexpresservice.ro/,"Strada Șerban Vodă 20a, 200691 Craiova, România",200691 Craiova,4.3,103,google_places,2026-02-11T10:58:34Z
ChIJRe8B7AbXUkcR0rj8ziiFvYs,SEC AUTO SERVICE,medium,,0752 400 000,http://www.secauto.ro/,"CENTURA DE NORD, DN65F km7+600, 200100 Craiova, România",200100 Craiova,4.4,121,google_places,2026-02-11T10:58:38Z
ChIJK_MgQY3XUkcRZfYPNxYgvSk,Diagnoza Auto Profesionala | Soft Tuning | DrCars,medium,bootstrap-icons@1.4.1,0765 218 522,https://dr-cars.ro/,"Strada Vlad Țepeș 2, 200369 Craiova, România",200369 Craiova,4.7,65,google_places,2026-02-11T10:58:39Z
ChIJBSSSYcbZUkcRw7XXed6zjgI,"Autofresh Rosi Service Auto Craiova. Vopsitorie Auto, Tinichigerie, Revizie Auto Craiova",medium,,0745 879 014,https://www.serviceuri.ro/ro/service/1714/,"Calea Severinului 34, Craiova, România",Craiova,4.2,159,google_places,2026-02-11T10:58:40Z
ChIJcW8gwUbWUkcRi1whYUvXcTw,Yakaz Auto,medium,,0740 151 740,,"Strada Caracal 214, 200367 Craiova, România",200367 Craiova,4.7,113,google_places,2026-02-11T10:58:41Z
ChIJUaxG12YvrUARJnMxLpqclt4,Electrician auto Craiova,medium,,0771 107 760,,"Strada Atena 13A, 207450 Cârcea, România",207450 Cârcea,4.8,57,google_places,2026-02-11T10:58:41Z
ChIJhfQ-F0XVUkcRdxd06kbYz6g,Auto Class - Craiova,large,,0251 425 710,http://www.auto-class.ro/,"Strada Aeroportului 207, 207206 Cârcea, România",207206 Cârcea,4.6,317,google_places,2026-02-11T10:58:43Z
ChIJG-TDW9zZUkcR2muLP3IHw2o,CTE Auto Service Auto Craiova - Electrician Auto - Incarcare Freon - Vulcanizare,medium,,0725 043 398,https://www.cteautoservice.ro/,"Centura de Nord, Craiova, România",Craiova,4.6,50,google_places,2026-02-11T10:59:00Z
ChIJqceCahnZUkcRMu3jur5NJHY,Service Auto R.A.R,medium,,0754 844 844,https://www.facebook.com/rinservicecraiova/,"Strada Burebista 11 J, 200609 Craiova, România",200609 Craiova,4.2,58,google_places,2026-02-11T10:59:00Z
ChIJx3eJI7DXUkcRgBtUUkLXkmM,Castrol Service YBA Auto Service,medium,,,https://www.ybaautoservice.ro/,"Strada Inginer Emil Marghitu 11, 200738 Craiova, România",200738 Craiova,4.6,86,google_places,2026-02-11T10:59:16Z
ChIJY4wBrA3XUkcRVXd1BWZgo-E,Wheel Car Service,small,,0799 998 064,,"Strada Șerban Vodă 20a, 200691 Craiova, România",200691 Craiova,4.9,14,google_places,2026-02-11T10:59:17Z
ChIJgau4-cvXUkcRowp8MrkpYgc,Vulcanizare/Service auto MihAlex Tyres,medium,,0723 226 466,,"Strada General Constantin Argetoianu 1B, 200078 Craiova, România",200078 Craiova,4.9,148,google_places,2026-02-11T10:59:17Z
ChIJTciyYU3XUkcRRsflfezzGRw,Service auto,small,,,http://www.unserviceauto.ro/judet-dolj,"Bulevardul Decebal, Craiova, România",Craiova,4,31,google_places,2026-02-11T10:59:18Z
ChIJReC5hunXUkcRV-u8qZMsM70,Next Level Garage,medium,office@nextlevelgarage.ro,0729 047 433,http://nextlevelgarage.ro/,"Str. Râului 391, 200636 Craiova, România",200636 Craiova,4.6,114,google_places,2026-02-11T10:59:19Z
ChIJo5bR0p7ZUkcR7lvqRQh5XB4,MM Auto Service,medium,receptie@mmautoservice.ro,0745 186 863,https://mmautoservice.ro/,"Strada Inginer Emil Marghitu 11, 200801 Craiova, România",200801 Craiova,4.3,116,google_places,2026-02-11T10:59:22Z
ChIJo99UQ7_ZUkcRS51l3CZl6Ls,ION SERVICE CENTER - Castrol Service,large,,,https://ionservice.ro/,"Calea Severinului 56A, 200611 Craiova, România",200611 Craiova,4.3,264,google_places,2026-02-11T10:59:23Z
ChIJi_-53CXZUkcRdaD87sNKDYQ,M-tech Craiova,small,,0774 062 566,,"Drumul Industriilor 12, 123446 Craiova, România",123446 Craiova,5,44,google_places,2026-02-11T10:59:23Z
ChIJH4Bxk5vXUkcRQW3zLTULZSU,RIV Service,medium,,0722 230 384,https://rivservice.ro/,"Strada Madona Dudu 47, Craiova, România",Craiova,4.2,114,google_places,2026-02-11T10:59:29Z
ChIJqdpR4PvWUkcR2usq0RIsthE,Castrol Service Autoteile,medium,,0767 038 487,https://www.autoteile.ro/,"Strada Elie Georgescu 5, 200111 Craiova, România",200111 Craiova,4.6,188,google_places,2026-02-11T10:59:31Z
ChIJb6sfcNrZUkcRwaf1HkAw7DI,CareMotion,medium,,0757 215 065,,"Bulevardul Dacia 83e, 200769 Craiova, România",200769 Craiova,4.2,65,google_places,2026-02-11T10:59:31Z
ChIJybWGnkhcs0ARCbGYb6Z42ro,Service Auto Chelu,large,,0761 677 707,https://autochelu.ro/,"Strada Ecologiștilor 10, 505600 Brașov, România",505600 Brașov,4.5,1038,google_places,2026-02-11T10:59:49Z
ChIJLxnn9YNbs0ARotMxaVsu03U,HCG GARAGE,large,,0738 070 004,https://hcgserviceautobrasov.ro/despre-noi/,"Calea Feldioarei 10, 500543 Brașov, România",500543 Brașov,4.7,262,google_places,2026-02-11T11:00:05Z
ChIJ3yt4JpFbs0ARlKs__QL5_MM,Service Auto Brasov | AutoVrom,large,contact@vrom.ro,0372 280 817,http://www.vrom.ro/,"Hala galbena, Strada Constantin Gheorghe Nica 3, 500450 Brașov, România",500450 Brașov,4.2,584,google_places,2026-02-11T11:00:08Z
ChIJKyZsNIlbs0ARG8ZniM3tY1s,Service Auto Damianis Brasov,large,,0763 549 921,https://servicedamianis.ro/,"Curtea Euro Business, Strada Lânii 49, 500465 Brașov, România",500465 Brașov,4.7,592,google_places,2026-02-11T11:00:24Z
ChIJqRcig_Zcs0AREoPLOCqGoig,Diagnoza Auto Brasov,medium,,0725 094 494,http://www.facebook.com/diagnoza.auto.brasov,"Strada Henri Coandă 32, 500167 Brașov, România",500167 Brașov,4.8,138,google_places,2026-02-11T11:00:25Z
ChIJkbcuH6lbs0ARt2znB3xvWH4,Auto Friends Service,medium,,,http://www.autofriends.ro/,"Șoseaua Cristianului 2, 500053 Brașov, România",500053 Brașov,4.6,160,google_places,2026-02-11T11:00:35Z
ChIJUeu3mZ1bs0AR4Ubrz8aUY4s,Fix&Go Car - Service Auto Brasov,medium,,0772 013 573,https://fixandgo.ro/,"Strada Crișana 12, 500209 Brașov, România",500209 Brașov,4.6,90,google_places,2026-02-11T11:00:51Z
ChIJC7TbldZbs0ARTce57qHVM7I,MECTEPRO service auto Brasov,medium,mectepro.serv@gmail.com,0737 047 994,http://www.mectepro.ro/,"incinta Luca, Calea Feldioarei 18, 500450 Brașov, România",500450 Brașov,4.7,83,google_places,2026-02-11T11:00:56Z
ChIJbSlQnypas0ARMIfdFrYHixI,E-Res Auto,large,,0373 800 117,http://www.e-res.ro/,"Calea Feldioarei 64, 500483 Brașov, România",500483 Brașov,4.6,263,google_places,2026-02-11T11:00:56Z
ChIJY0XIg2dcs0ARG6GtrfhRPIo,CMD Motor Services,small,,0268 581 985,,"Str. Zizinului nr.106A incinta Duplex 3, Hala F7, 500407 Brașov, România",500407 Brașov,4.9,31,google_places,2026-02-11T11:00:57Z
ChIJ35l90ahbs0ARkHqsGEzT0Tc,Automotive Lux,medium,,0728 988 866,https://www.automotivelux.com/,"Strada Dimitrie Anghel 18E, 500450 Brașov, România",500450 Brașov,3.9,112,google_places,2026-02-11T11:01:00Z
ChIJD4-GgGdcs0AR86OhcNEjHb0,Master Werkstatt,medium,master.werkstatt@gmail.com,0769 216 420,http://www.masterwerkstatt.ro/,"Strada Zizinului 106A, 500403 Brașov, România",500403 Brașov,4.7,183,google_places,2026-02-11T11:01:01Z
ChIJuVdBbIJbs0AROM1MH3E3q4w,VULCANIZARE NON-STOP BRASOV,large,,0722 241 421,,"Strada Zizinului 109 Bis, 500407 Brașov, România",500407 Brașov,4.5,1044,google_places,2026-02-11T11:01:02Z
ChIJjUyu1B1bs0AR6zAvE4aoGH0,Service Auto - Pintilie Florin,medium,pfa.pintiliedumitruflorin@yahoo.com,0743 758 175,http://www.serviceautoinbrasov.ro/,"Strada Albinelor nr15, 500470 Brașov, România",500470 Brașov,4.7,98,google_places,2026-02-11T11:01:04Z
ChIJkfLGM9Zbs0AR4UUU-rJigac,Garajul lu' ADI,medium,,0748 106 768,,"Tractorul, Brașov, România",Brașov,4.6,75,google_places,2026-02-11T11:01:04Z
ChIJCzFidiRbs0ARCsrXqRb6u1Y,Tinichigerie Auto Detailing Auto - Robert Francisc Brasov,small,,0763 673 376,,"Calea Feldioarei 18, 500483 Brașov, România",500483 Brașov,5,31,google_places,2026-02-11T11:01:05Z
ChIJJRATr6Jbs0AR-oTV-nRwnoo,Puls Anvelo,medium,,0743 850 077,,"Strada Morii 69, 500063 Brașov, România",500063 Brașov,4.3,174,google_places,2026-02-11T11:01:05Z
ChIJ3-Pn1Khbs0ARPrbEpYRXJ3o,Car Fix & Paint,medium,office@carfixpaint.ro,0760 686 384,http://www.carfixpaint.ro/,"Calea Făgărașului 8, 500053 Brașov, România",500053 Brașov,4.8,143,google_places,2026-02-11T11:01:06Z
ChIJEynKt5VZs0ARGMRYGCswl70,Arinovis Motors - Service,large,info@suzukiromania.ro,0729 500 791,http://www.suzukibrasov.ro/,"Calea Feldioarei 57, 500483 Brașov, România",500483 Brașov,4.6,798,google_places,2026-02-11T11:01:08Z
ChIJeRoBKFJZs0ARUuFtSx4gapg,DxD Service Camioane & Auto Brasov,small,,0743 126 357,https://www.daridavi.ro/,"Calea Feldioarei 80h, 500173 Brașov, România",500173 Brașov,5,10,google_places,2026-02-11T11:01:24Z
ChIJuyYJTFPetkARb-_ZOjAKgaM,Service Auto Galati Multimarca,large,,0771 112 103,,"Strada Traian 249, 800186 Galați, România",800186 Galați,4.5,350,google_places,2026-02-11T11:01:27Z
ChIJmfyaUBnftkARNFWWFy_QvoA,Service Auto Nentory,small,,,,"Drumul de Centură 96 B, 800402 Galați, România",800402 Galați,4.9,14,google_places,2026-02-11T11:01:27Z
ChIJE6yERMjetkARa2NkJzRfq5M,Crazy Cars - Service & Vulcanizare Auto,medium,,0726 745 140,https://www.facebook.com/CrazyCars.Galati,"Drumul de Centură 248, 800439 Galați, România",800439 Galați,4.5,165,google_places,2026-02-11T11:01:28Z
ChIJ87qrNcretkARnwQmS8n2sXI,Inter NT Service,medium,,0720 544 213,http://internt.ro/,"DN2B 280, 800396 Galați, România",800396 Galați,4.7,155,google_places,2026-02-11T11:01:44Z
ChIJERQERqjftkARo85YhDXZnQ8,DAVIC AUTO - Service multimarcă Galați,medium,,0755 570 649,https://sites.google.com/view/davicauto,"Calea Prutului 51 A, 800219 Galați, România",800219 Galați,4.9,105,google_places,2026-02-11T11:01:45Z
ChIJnZeeZcjetkARW_PEe-XRQUU,Dacia Iatsa Galati,large,office@iatsagalati.ro,0236 473 017,http://www.iatsagalati.ro/,"Drumul Viilor 6, 800259 Galați, România",800259 Galați,4.8,1075,google_places,2026-02-11T11:01:48Z
ChIJa3YqTmbftkARrorAkY4GR24,BYB CAR SERVICE GALATI,small,,0753 846 061,,"Ne gasiti in incinta YPE TRACTARI GALATI, Calea Prutului 11c, 800205 Galați, România",800205 Galați,4.8,48,google_places,2026-02-11T11:01:49Z
ChIJK6-2u0fftkARg3MPalCDAi8,Service auto Centura,medium,,0753 401 167,,"Strada Tecuci 290, 800552 Galați, România",800552 Galați,4,70,google_places,2026-02-11T11:01:49Z
ChIJn-vCcfTntkARVc3uiGpGRMo,Tinichigerie auto - Centru Auto Galati,medium,alina.gaita@listafirme.ro,,http://listafirme.ro/,"Strada Cetatianul Ioan 1, 800198 Galați, România",800198 Galați,4.3,155,google_places,2026-02-11T11:01:51Z
ChIJb3Vm94u_tkAR3cQkD6N4--U,Booster Garage,medium,,0769 051 111,https://m.facebook.com/Booster-Garage-1705408566339622/,"Str. Nămoloasa 1, 800687 Galați, România",800687 Galați,4.7,53,google_places,2026-02-11T11:01:52Z
ChIJFTB9PGbetkARl5S0R1NFBTs,BOGCAR QUALITY S.R.L.,large,bogcarquality@yahoo.com,0236 310 067,http://www.bogcar.ro/,"Drumul de Centură 56, 800402 Galați, România",800402 Galați,4.1,239,google_places,2026-02-11T11:01:54Z
ChIJKx1Gs1retkAR6-4zdMJ0O2Q,SHERR IMPEX S.R.L.,large,,0236 469 994,,"Bulevardul Basarabiei 32, 800150 Galați, România",800150 Galați,4.6,433,google_places,2026-02-11T11:01:54Z
ChIJif5GoMbetkARMlOCgEWOgoc,AD Garage Nalba Service,large,posstavbussines@gmail.com,0745 095 069,https://nalba.ro/,"Strada Brăilei 219, 800409 Galați, România",800409 Galați,4.2,234,google_places,2026-02-11T11:01:55Z
ChIJk5L7WrLftkARF_gvljY2KqE,Zetec Service,large,,0747 024 282,http://www.zetec.ro/zetec-service--galati-str-moruzzi-nr-58--interior_P26,"Strada Alexandru Moruzzi Nr. 58, Galați, România",Galați,4.1,263,google_places,2026-02-11T11:01:58Z
ChIJeSO_ZojetkARbq75EOFYt14,Bonjour Service Auto | Galati,small,reparatii@serviceautogalati.ro,0756 963 678,http://www.serviceautogalati.ro/contact.html,"Drumul de Centură 54, 800402 Galați, România",800402 Galați,4,6,google_places,2026-02-11T11:01:59Z
ChIJpyDi2F3etkAR-X1LRohHtI0,Safe Service,medium,,0742 978 324,http://www.facebook.com/safeservicegalati/,"Str. Panu Vasile, Cpt 34, 800316 Galați, România",800316 Galați,4.3,59,google_places,2026-02-11T11:02:00Z
ChIJfSVR_oTetkARwDxx_vW1mHs,Castrol Service Iulizeni Service Auto,medium,,,,"Drumul de Centură 50, 800402 Galați, România",800402 Galați,4.5,72,google_places,2026-02-11T11:02:00Z
ChIJEYcSw5nftkARXtQDpurWkUE,"Autoalci - Service Auto, Revizie, Diagnoza Auto Galati. Service Clima, Incarcare Freon Auto, Reparatii Cutii de Viteze Galati",small,boatsgalsrl@yahoo.ro,0742 066 874,https://www.auto-rom.ro/service-auto/galati/autoalci-service-auto,"Strada Tecuci 163, 800552 Galați, România",800552 Galați,4.7,14,google_places,2026-02-11T11:02:01Z
ChIJv6pzvLjftkAReNI8SHCOTUY,Hobby car self service,small,,0748 756 685,,"Strada Gării 8, Galați, România",Galați,4.8,42,google_places,2026-02-11T11:02:01Z
ChIJMaKH27fftkARK3uhkgdMUZ8,Autoplus-Service auto,medium,,0747 221 548,,"Strada Brăilei 160, 800367 Galați, România",800367 Galați,4.1,92,google_places,2026-02-11T11:02:02Z
ChIJ6zcWFIlJskAROla4Ydb5d4I,"AUTOKAT Service Auto Ploiesti. Vopsitorie, Tinichigerie Auto Ploiesti. Mecanica, Revizie Auto, Incarcare Freon Ploiesti",large,,0723 094 429,http://centruldeavarii.ro/,"Strada Mărășești 416A, 100010 Ploiești, România",100010 Ploiești,4.2,360,google_places,2026-02-11T11:02:05Z
ChIJ3dFo4X9JskARzsmDR5dRJwM,Latin Service Auto,medium,,0722 444 117,https://www.facebook.com/latinserviceploiesti,"Strada Târgoviștei 14Bis, 100299 Ploiești, România",100299 Ploiești,4.7,111,google_places,2026-02-11T11:02:06Z
ChIJ5fojfZ9LskARglOV6P7T-44,AutoMogul,medium,office@automogul.ro,0725 318 318,http://www.automogul.ro/,"Strada Găgeni nr. 92A, 100137 Ploiești, România",100137 Ploiești,4.7,181,google_places,2026-02-11T11:02:13Z
ChIJiUxUyHs3skAReLGqZEhjdus,Service Ovidoi,medium,,0768 158 848,https://www.serviceautoploiesti.ro/Service_auto/detalii-Ovidoi_Prod_-_Mecanica_%7C_Montaj_GPL_%7C_Geometrie_roti,"Bulevardul București 84, 107059 Ploiești, România",107059 Ploiești,4.7,104,google_places,2026-02-11T11:02:29Z
ChIJlWpWtXxJskARtTp2sSiil9I,Dacia Nicogel Serv Ploiești,large,oferte@nicogel.ro,0731 365 097,http://www.nicogel.ro/,"Strada Poligonului 1, 100070 Ploiești, România",100070 Ploiești,4.9,537,google_places,2026-02-11T11:02:30Z
ChIJt9Huj8BJskARAXHIXXeTVf0,Test Clau Auto SRL,large,,0724 096 601,,"Strada Mimiului, Ploiești, România",Ploiești,4.7,240,google_places,2026-02-11T11:02:31Z
ChIJzeyInc1LskARNeWdqZwyU2A,Modusauto service Auto Check Center,medium,,0748 238 755,https://modusauto.lovable.app/,"Strada Găgeni 92A, 100137 Ploiești, România",100137 Ploiești,4.2,111,google_places,2026-02-11T11:02:32Z
ChIJ_yNKEC1KskAR7N_WJa3lj70,Iany Service,medium,,0725 512 301,https://www.serviceautoploiesti.ro/Service_auto/detalii-IANY_SERVICE,"Strada Găgeni 67-69, 100137 Ploiești, România",100137 Ploiești,4.1,109,google_places,2026-02-11T11:02:48Z
ChIJY13tMlJJskARFkn46bD94hw,AUTOVIVA SERVICE SRL,medium,,0742 272 327,,"Strada Târgoviștei 14, 100299 Ploiești, România",100299 Ploiești,4.1,149,google_places,2026-02-11T11:02:48Z
ChIJq6JLbPFJskAR5fFKLUYNxTs,M & I ATANASIU SERV AUTO,large,,0244 571 627,,"Strada Armașilor 14, 100583 Ploiești, România",100583 Ploiești,4.3,301,google_places,2026-02-11T11:02:49Z
ChIJs_52aO1LskARrWvb7x37Mok,"Schimb ulei si filtre, Prestari Servicii",medium,,,,"Strada Gheorghe Doja 114, 100164 Ploiești, România",100164 Ploiești,4.6,77,google_places,2026-02-11T11:02:49Z
ChIJY_GLBGtKskAR2YvpNLKJORA,Arena Auto,large,office@ploiesti.toyota.ro,0244 544 745,https://www.toyotaploiesti.ro/,"Strada Ștrandului 60, 100189 Ploiești, România",100189 Ploiești,4.7,688,google_places,2026-02-11T11:02:51Z
ChIJlcF3H7xJskARVomEeA2lmNs,Statie ITP - Menten Auto Tehnic,small,,0722 989 901,,"Strada Târgoviștei 1, 100299 Ploiești, România",100299 Ploiești,4.9,46,google_places,2026-02-11T11:02:51Z
ChIJ4xTEIwBJskARXCYCVlQO_Xc,WASCH AUTO SERVICE,small,,0758 058 223,https://waschauto.ro/,"Strada Tunari 1a, Ploiești, România",Ploiești,4.8,16,google_places,2026-02-11T11:02:52Z
ChIJBd3QcJ1JskARI5gWrTfWJnc,Bosch Car Service - Eka Trust,large,,0244 597 700,https://www.ekatrust.ro/,"Strada Gheorghe Grigore Cantacuzino 202, 100507 Ploiești, România",100507 Ploiești,3.8,2147,google_places,2026-02-11T11:02:54Z
ChIJ27H3UaZLskARjdNf9Ch-UdQ,SC Mardo Motor Serv SRL,small,marian.dobrinescu@gmail.com,0722 426 737,http://www.mardomotor.ro/,"Strada Cornățel 35, 100439 Ploiești, România",100439 Ploiești,4.9,33,google_places,2026-02-11T11:02:55Z
ChIJgw0YKylLskARtOMJ5bdyIE0,ADMAR AUTO SERVICE,small,,0729 411 205,,"Strada Văleni, 107071 Ploiești, România",107071 Ploiești,4.6,41,google_places,2026-02-11T11:02:56Z
ChIJbVi-Sh5KskARZB3x6EtWawE,Service Clima Auto,medium,,0734 342 324,https://incarcare-freon-ploiesti.ro/,"Strada Pielari 13, 100437 Ploiești, România",100437 Ploiești,3.8,169,google_places,2026-02-11T11:02:57Z
ChIJUVUUqZ1JskARZv0fMCh_8x8,ELECTRICA AUTO Adrian P.F.A.,medium,,0720 905 161,,"Strada Reconstrucției 1, 100511 Ploiești, România",100511 Ploiești,4.5,80,google_places,2026-02-11T11:02:57Z
ChIJcbJVkelJskARH2cU4TwUu8c,Vulcanizare Service Roți Ploiești Sud KTF,large,,0761 632 899,,"Strada Depoului nr.7, 107059 Ploiești, România",107059 Ploiești,4.5,299,google_places,2026-02-11T11:02:58Z
ChIJX-SrHHw5RkcRe0cMLlK13Go,Service Auto Oradea,medium,,0752 532 678,,"Calea Clujului 161, 410562 Oradea, România",410562 Oradea,5,108,google_places,2026-02-11T11:03:01Z
ChIJgQJoUTJGRkcRPKHP9pC2EJ4,Service Auto Oradea - Activ Service,medium,,0728 906 909,http://activ-service.ro/,"Str. Ovid Densușianu 52, 410172 Oradea, România",410172 Oradea,4.4,163,google_places,2026-02-11T11:03:03Z
ChIJx4rvl0M4RkcR0B_uwnrOlHk,Castrol Service Automond,large,,,https://www.automond.ro/,"Str. Ogorului 47, 410544 Oradea, România",410544 Oradea,4.7,335,google_places,2026-02-11T11:03:05Z
ChIJicGaADc4RkcRhz1AGc3pKow,Service Casa,large,office@casa-service.ro,0728 870 707,http://www.casa-service.ro/,"Bronx, Str. Ogorului 146A, Oradea, România",Oradea,4.7,208,google_places,2026-02-11T11:03:07Z
ChIJy8CHiuRHRkcRdk5BKQjUbFw,I.I.Nagy Iosif Tiberiu,medium,,0729 093 722,https://www.autoservice-oradea.ro/,"Strada Dobrogei 33, 410526 Oradea, România",410526 Oradea,5,65,google_places,2026-02-11T11:03:08Z
ChIJ9Q_ll7RHRkcR1eH6cADzZGc,DORAVEN SERVICE - ITP - TAHOGRAFE,large,office@pole.ro,0748 599 183,https://www.autocheckcenter.ro/service/421/doraven-serv-srl/,"Calea Sântandrei 28C, 410238 Oradea, România",410238 Oradea,4.8,278,google_places,2026-02-11T11:03:10Z
ChIJuei76I1HRkcRiyU_NkNShHk,Service Tinichigerie Vopsitorie Auto - Centru Constatare Daune - Auto Damage Premium Service SRL ORADEA,medium,,0763 311 113,,"Strada Corneliu Baba 5, 410237 Oradea, România",410237 Oradea,4.7,65,google_places,2026-02-11T11:03:10Z
ChIJ3VMfVu1HRkcROfjU-8r2mWM,Service Auto Dorex,medium,,0259 413 265,http://www.dorexauto.ro/,"Strada Cloșca 54, 410081 Oradea, România",410081 Oradea,4.5,64,google_places,2026-02-11T11:03:12Z
ChIJC4WULI1IRkcRnxCTo1_0_J8,Bonis Service,large,,0740 439 921,,"Strada Matei Corvin 1/A, 410140 Oradea, România",410140 Oradea,4.8,337,google_places,2026-02-11T11:03:12Z
ChIJbZylFe5HRkcR8EzJDTv7Un4,RomSoft Diagnoza - Service Auto,medium,,0742 125 949,https://www.romsoft-diagnoza-service.ro/,"Strada Ciheiului 53b, 410545 Oradea, România",410545 Oradea,4.9,145,google_places,2026-02-11T11:03:28Z
ChIJzT8XKulHRkcRkoaCERVQ51A,AutoServ ITP Auto - Moto & Service Auto Oradea,medium,,0728 317 485,http://auto-serv.ro/,"Strada Mihail Kogălniceanu 26, 410074 Oradea, România",410074 Oradea,4.1,174,google_places,2026-02-11T11:03:30Z
ChIJV_LQ7Xs4RkcRXhWz4WmM3Xo,ADA SERVICE,medium,,0742 249 093,http://frecvent.ro/,"Str. Ogorului 111a, 410554 Oradea, România",410554 Oradea,4.8,94,google_places,2026-02-11T11:03:31Z
ChIJSTmCp8RHRkcR4pfaw6gPIgg,Pierre com srl,medium,,0770 226 688,https://www.paginiaurii.ro/companii/ORADEA/L4893838/PIERRE+COM+SRL/,"Str. Ogorului 150, 410554 Oradea, România",410554 Oradea,4.8,197,google_places,2026-02-11T11:03:33Z
ChIJicGaADc4RkcRBpO03YYENco,Kafer,medium,,0744 572 487,http://www.kaferservice.ro/,"Str. Ogorului 62A, Oradea, România",Oradea,4.6,143,google_places,2026-02-11T11:03:34Z
ChIJR2K-CsZHRkcRmd8qjryafzQ,Auto Check Center,medium,,0755 114 000,,"410249, Strada Nicolae Bolcaș 41/A, Oradea, România",Oradea,4.4,111,google_places,2026-02-11T11:03:34Z
ChIJT-TqBntHRkcR-bHZUYQJjLQ,AD Garage Cidan Srl,large,,0745 245 861,http://www.adgarage.ro/,"Strada Nojoridului 49, 417498 Oradea, România",417498 Oradea,4.4,380,google_places,2026-02-11T11:03:37Z
ChIJFYoUmVY5RkcRy_tDGKdXAkY,Auto Cosmi,medium,,0745 560 354,http://www.autocosmi.ro/,"Strada Ciheiului 130, 410600 Oradea, România",410600 Oradea,4.8,64,google_places,2026-02-11T11:03:53Z
ChIJfXuTV9pHRkcR6m_UaSTkDgU,Bosch Car Service - Auto Care,medium,,0740 259 825,https://www.altes.ro/,"Strada Simion Bărnuțiu 39A, 410204 Oradea, România",410204 Oradea,4.1,192,google_places,2026-02-11T11:03:54Z
ChIJRTr2fzJGRkcRG2dB7Enafx8,Centru Constatare Daune Exchange Car Omniasig Hellas Groupama Axeria Generali Asirom Allianz * PRETTY CAR Service Auto Oradea,large,daune@prettycar.ro,0763 535 555,http://www.prettycar.ro/,"Str. Ogorului nr. 208, 410554 Oradea, România",410554 Oradea,4.4,401,google_places,2026-02-11T11:03:56Z
ChIJoRXWCbA5RkcR7ztkNMgOj-k,B&B Service Auto Oradea,small,,0755 017 442,https://expertilocali.ro/bb-service-auto-oradea/,"Strada Americii 43A, 410000 Oradea, România",410000 Oradea,4.7,13,google_places,2026-02-11T11:03:56Z
